wr_returned_date_sk,wr_returned_time_sk,wr_item_sk,wr_refunded_customer_sk,wr_refunded_cdemo_sk,wr_refunded_hdemo_sk,wr_refunded_addr_sk,wr_returning_customer_sk,wr_returning_cdemo_sk,wr_returning_hdemo_sk,wr_returning_addr_sk,wr_web_page_sk,wr_reason_sk,wr_order_number,wr_return_quantity,wr_return_amt,wr_return_tax,wr_return_amt_inc_tax,wr_fee,wr_return_ship_cost,wr_refunded_cash,wr_reversed_charge,wr_account_credit,wr_net_loss
2452753,50971,12375,76380,1511550,3520,47090,76380,1511550,3520,47090,19,60,39666,34,2385.10,0.00,2385.10,36.87,221.00,2218.14,140.24,26.72,257.87
2452356,53614,8407,79402,83733,3560,10865,79402,83733,3560,10865,1,5,9315,16,146.24,2.92,149.16,14.14,107.52,140.39,4.56,1.29,124.58
2451486,45897,4586,51008,1417522,2083,24197,51008,1417522,2083,24197,4,47,48686,31,224.44,15.71,240.15,34.93,80.91,56.11,99.31,69.02,131.55
2452916,76223,11551,8000,229011,6822,9433,8000,229011,6822,9433,24,27,6367,34,1902.64,19.02,1921.66,37.70,743.24,133.18,583.92,1185.54,799.96
2452821,14371,213,43236,1229346,1856,33166,43236,1229346,1856,33166,36,51,26147,18,873.72,69.89,943.61,31.05,324.36,253.37,161.29,459.06,425.30
2452863,72936,9505,53867,945374,6128,33635,53867,945374,6128,33635,6,68,28004,6,152.28,7.61,159.89,83.07,4.74,31.97,113.09,7.22,95.42
2452509,23458,8371,22734,184856,5825,1147,22734,184856,5825,1147,23,70,31660,13,1450.80,72.54,1523.34,72.74,494.52,580.32,635.45,235.03,639.80
2452582,16050,1477,3085,1223103,3474,36692,3085,1223103,3474,36692,60,9,34024,57,1089.27,98.03,1187.30,81.32,188.67,424.81,265.78,398.68,368.02
2452578,56430,17058,24481,225621,3561,3901,24481,225621,3561,3901,37,41,22986,8,101.76,9.15,110.91,4.80,68.56,23.40,36.04,42.32,82.51
2452589,13630,8173,30583,677075,5167,59,30583,677075,5167,59,57,36,55012,1,3.65,0.18,3.83,39.34,3.92,1.82,0.18,1.65,43.44
2451683,61223,4348,90934,1483348,2162,32976,90934,1483348,2162,32976,26,32,21302,76,1586.88,126.95,1713.83,63.61,1680.36,666.48,506.22,414.18,1870.92
2451604,41196,16021,34955,28922,4489,45656,34955,28922,4489,45656,25,5,14726,4,166.48,1.66,168.14,42.40,143.16,98.22,21.84,46.42,187.22
2452108,67589,14731,73963,1167516,1869,47422,73963,1167516,1869,47422,49,37,7492,3,111.33,0.00,111.33,9.12,49.89,45.64,60.43,5.26,59.01
2451259,71856,5092,56437,1267326,4262,35998,56437,1267326,4262,35998,22,67,959,18,1768.32,159.14,1927.46,90.61,715.32,282.93,950.64,534.75,965.07
2451681,27782,9550,65578,1009671,2211,48304,65578,1009671,2211,48304,44,50,56920,2,22.38,1.34,23.72,86.13,16.78,6.71,9.87,5.80,104.25
2452465,60924,9835,31772,185824,676,2328,31772,185824,676,2328,7,65,36089,52,89.96,7.19,97.15,32.45,69.68,51.27,32.11,6.58,109.32
2451682,58984,241,73123,1645992,5261,30130,73123,1645992,5261,30130,46,72,5690,11,208.01,8.32,216.33,17.59,44.66,191.36,13.81,2.84,70.57
2451420,67962,17605,17262,821223,6337,45051,17262,821223,6337,45051,25,1,19737,54,241.92,14.51,256.43,7.87,1636.20,111.28,48.33,82.31,1658.58
2451165,21507,2426,19531,1007557,3583,44856,19531,1007557,3583,44856,14,6,41589,2,55.72,3.90,59.62,60.98,28.66,22.28,27.75,5.69,93.54
2451990,46435,7850,31903,970064,7072,41633,31903,970064,7072,41633,11,65,5381,5,10.15,0.81,10.96,67.49,7.80,3.14,5.95,1.06,76.10
