sea1,sea2
Atlantic Ocean,Mediterranean Sea
Atlantic Ocean,Gulf of Mexico
Black Sea,Sea of Azov
North Sea,The Channel
Baltic Sea,Kattegat
Greenland Sea,Norwegian Sea
Arctic Ocean,Greenland Sea
Barents Sea,Norwegian Sea
Pacific Ocean,Sea of Okhotsk
Pacific Ocean,Tasman Sea
South China Sea,Sulu Sea
Indian Ocean,Tasman Sea
Gulf of Aden,Indian Ocean
Malakka Strait,South China Sea
Java Sea,Sulawesi Sea
Banda Sea,Sulawesi Sea
Banda Sea,Savu Sea
Sulawesi Sea,Sulu Sea
Arafura Sea,Timor Sea
