iatacode,name,province,island,longitude,elevation,gmtoffset
ANU,V C Bird Intl,Antigua and Barbuda,Antigua,-61.792667,19,-4
JUJ,Jujuy,Jujuy,,-65.097778,920,-3
BEL,Val De Cans Intl,Pará,,-48.476292,16,-3
NNY,Nanyang Airport,Henan,,112.615,,8
LZH,Bailian Airport,Guangxi,,109.391,90,8
PNR,Pointe Noire,Pointe-Noire,,11.886597,17,1
GDQ,Gondar,Amhara,,37.434047,1994,3
ETZ,Metz Nancy Lorraine,Grand Est,,6.251319,265,1
LUX,Luxembourg,Luxembourg,,6.211517,376,1
OUD,Angads,Oriental,,-1.923986,468,0
TMS,Sao Tome Intl,Sao Tome and Principe,Sao Tome,6.712153,10,0
NYO,Skavsta,Stockholm,,16.912189,43,1
TUN,Carthage,Tunisia,,10.227217,7,1
NAV,Kapadokya,Nevşehir,,34.53455,945,3
PIT,Pittsburgh Intl,Pennsylvania,,-80.232872,367,-5
JFK,John F Kennedy Intl,New York,Long Island,-73.778925,4,-5
