name,code,capital,province,area,population
Ireland,IRL,Dublin,Leinster,70280,5123536
Lebanon,RL,Bayrūt,Lebanon,10400,5416225
Qatar,Q,Doha,Qatar,11000,2846118
Vietnam,VN,Hanoi,Red River Delta,329560,96208984
Laos,LAO,Vientiane,Laos,236800,6492228
Kiribati,KIR,Tarawa,Kiribati,717,119940
Tunisia,TN,Tunis,Tunisia,163610,10982754
Algeria,DZ,Algiers,Algeria,2381740,37062820
Burundi,BI,Gitega,Burundi,27830,8444784
Ethiopia,ETH,Addis Ababa,Addis Ababa,1127127,105164000
Greenland,GL,Nuuk,Greenland,2175600,56081
Saint Pierre and Miquelon,SPM,Saint-Pierre,Saint Pierre and Miquelon,242,6008
Colombia,CO,Bogotá,Bogotá Distrito Especial,1138910,48258494
Paraguay,PY,Asunción,Paraguay,406750,6672631
