country_id,country,last_update
7,Armenia,2006-02-15 04:44:00
15,Brazil,2006-02-15 04:44:00
22,Chile,2006-02-15 04:44:00
39,Greece,2006-02-15 04:44:00
55,Liechtenstein,2006-02-15 04:44:00
56,Lithuania,2006-02-15 04:44:00
57,Madagascar,2006-02-15 04:44:00
59,Malaysia,2006-02-15 04:44:00
63,Mozambique,2006-02-15 04:44:00
74,Peru,2006-02-15 04:44:00
82,Saudi Arabia,2006-02-15 04:44:00
85,South Africa,2006-02-15 04:44:00
89,Sudan,2006-02-15 04:44:00
92,Taiwan,2006-02-15 04:44:00
98,Turkmenistan,2006-02-15 04:44:00
99,Tuvalu,2006-02-15 04:44:00
103,United States,2006-02-15 04:44:00
105,Vietnam,2006-02-15 04:44:00
106,"Virgin Islands, U.S.",2006-02-15 04:44:00
