desert,country,province
Kalahari,ANG,Cuando Cubango
Kalahari,NAM,Namibia
Erg Maqteir,RIM,Adrar
Tanezrouft,RMM,Tombouctou
Tenere,RN,Agadez
Darfur,SUD,Shamāl Kurdufān
Nubian Desert,SUD,Ash-Shamālīyah
Syrian Desert,SYR,Dayr az Zawr
Syrian Desert,SYR,Rif Dimashq
Rub Al Chali,SA,Aseer
Rub Al Chali,YE,Yemen
Dascht-e-Kavir,IR,Khorasan-e-Razavi
Dascht-e-Lut,IR,Yazd
Thar,PK,Sindh
Karakum,TM,Mary
Aralkum,KZ,Kyzylorda
Red Centre,AUS,South Australia
Sturt Desert,AUS,New South Wales
Sonora,USA,Arizona
Chihuahua,MEX,Nuevo Léon
