p_promo_sk,p_promo_id,p_start_date_sk,p_end_date_sk,p_item_sk,p_cost,p_response_target,p_promo_name,p_channel_dmail,p_channel_email,p_channel_catalog,p_channel_tv,p_channel_radio,p_channel_press,p_channel_event,p_channel_demo,p_channel_details,p_purpose,p_discount_active
7,AAAAAAAAHAAAAAAA,2450123,2450132,14527,1000.00,1,ation,N,N,N,N,N,N,N,N,Effects used to prefer however new terms. Usually ava,Unknown,N
43,AAAAAAAALCAAAAAA,2450704,2450738,10000,1000.00,1,pri,N,N,N,N,N,N,N,N,Probably typical eyes mig,Unknown,N
52,AAAAAAAAEDAAAAAA,2450272,2450320,3280,1000.00,1,able,Y,N,N,N,N,N,N,N,Authorities must pursue from a principles,Unknown,N
55,AAAAAAAAHDAAAAAA,2450622,2450677,12104,1000.00,1,anti,N,N,N,N,N,N,N,N,"Recent, southern lists go. Strang",Unknown,N
66,AAAAAAAACEAAAAAA,2450486,2450504,4886,1000.00,1,cally,Y,N,N,N,N,N,N,N,"Yet unaware methods used to try again only, accepta",Unknown,N
83,AAAAAAAADFAAAAAA,2450175,2450235,10738,1000.00,1,pri,N,N,N,N,N,N,N,N,"Original, huge projects",Unknown,N
164,AAAAAAAAEKAAAAAA,2450423,2450453,17593,1000.00,1,ese,Y,N,N,N,N,N,N,N,"Available, blue hours explo",Unknown,N
178,AAAAAAAACLAAAAAA,2450345,2450392,15134,1000.00,1,eing,Y,N,N,N,N,N,N,N,"Right obvious pounds could not prove. Political, c",Unknown,N
204,AAAAAAAAMMAAAAAA,2450692,2450736,1564,1000.00,1,ese,Y,N,N,N,N,N,N,N,Sideways numerous departments make just. St,Unknown,N
208,AAAAAAAAANAAAAAA,2450420,2450464,5348,1000.00,1,eing,Y,N,N,N,N,N,N,N,"Heavy, main circumstances used to appear ",Unknown,N
239,AAAAAAAAPOAAAAAA,2450627,2450680,17362,1000.00,1,n st,Y,N,N,N,N,N,N,N,Almost following strategie,Unknown,N
265,AAAAAAAAJABAAAAA,2450225,2450236,8414,1000.00,1,anti,Y,N,N,N,N,N,N,N,Ideal camps cannot stop from,Unknown,N
