c_customer_sk,c_customer_id,c_current_cdemo_sk,c_current_hdemo_sk,c_current_addr_sk,c_first_shipto_date_sk,c_first_sales_date_sk,c_salutation,c_first_name,c_last_name,c_preferred_cust_flag,c_birth_day,c_birth_month,c_birth_year,c_birth_country,c_login,c_email_address,c_last_review_date
32049,AAAAAAAABDNHAAAA,263060,4732,13204,2449779,2449749,Miss,Linda,Reid,Y,20,11,1990,BRUNEI DARUSSALAM,,Linda.Reid@viuJ9.edu,2452436
38944,AAAAAAAAACIJAAAA,1595926,1891,15409,2450313,2450283,Sir,Scott,Bentley,N,6,1,1924,HONDURAS,,Scott.Bentley@4tQ2rdQao.edu,2452648
11170,AAAAAAAACKLCAAAA,1428226,4890,29154,2452409,2452379,Dr.,Janice,Barnhill,N,19,11,1975,AUSTRIA,,Janice.Barnhill@DemodoZfodvpV3mFt.org,2452593
80061,AAAAAAAANLIDBAAA,1632193,60,43880,2450447,2450417,Dr.,Julie,Her,Y,23,2,1963,BELIZE,,Julie.Her@ldI50FVXRm.org,2452304
66998,AAAAAAAAGLFABAAA,1678442,3825,22361,2452102,2452072,Mrs.,Ruth,Crittenden,Y,19,5,1954,PITCAIRN,,Ruth.Crittenden@9EHyUr.edu,2452553
48057,AAAAAAAAJLLLAAAA,165547,5213,26832,2451346,2451316,Ms.,Ruth,Whittaker,Y,10,12,1966,FRENCH GUIANA,,Ruth.Whittaker@AfVPRa02B8.com,2452285
48758,AAAAAAAAGHOLAAAA,538260,4901,17589,2449909,2449879,Sir,Michael,Murphy,Y,25,10,1952,BERMUDA,,Michael.Murphy@0qC0DfSUue2U6.com,2452598
2108,AAAAAAAAMDIAAAAA,240222,3723,21577,2452325,2452295,Mr.,Robert,Kohler,N,3,8,1939,KAZAKHSTAN,,Robert.Kohler@CQf7yLRPGe.edu,2452438
36710,AAAAAAAAGGPIAAAA,1550633,4012,43344,2449613,2449583,Sir,William,Williams,Y,7,1,1953,GAMBIA,,William.Williams@TV69BUojzE51C.com,2452596
95891,AAAAAAAADJGHBAAA,1811000,3928,34456,2450548,2450518,Dr.,Tammie,Arnold,Y,19,4,1992,HONDURAS,,Tammie.Arnold@v.com,2452465
13787,AAAAAAAALNFDAAAA,,3666,21316,,,Dr.,Lacey,,,,,,,,Lacey.Short@5tIo4q05ObXmt.org,
30156,AAAAAAAAMMFHAAAA,1296209,6908,46807,2450137,2450107,Dr.,Paula,Valentine,Y,18,4,1989,GABON,,Paula.Valentine@q.org,2452534
7906,AAAAAAAACOOBAAAA,243994,4493,16592,2449431,2449401,Dr.,Robert,Willis,Y,18,7,1956,MONTSERRAT,,Robert.Willis@Zv.edu,2452647
72098,AAAAAAAACKJBBAAA,42922,1621,9567,2452308,2452278,Sir,John,Haggard,Y,13,9,1979,BOUVET ISLAND,,John.Haggard@H4JdN8PkZH.edu,2452387
