i_item_sk,i_item_id,i_rec_start_date,i_rec_end_date,i_item_desc,i_current_price,i_wholesale_cost,i_brand_id,i_brand,i_class_id,i_class,i_category_id,i_category,i_manufact_id,i_manufact,i_size,i_formulation,i_color,i_units,i_container,i_manager_id,i_product_name
3239,AAAAAAAAGKMAAAAA,1999-10-28,2001-10-26,"Officers prove more often substantial fans. Loans would approach forward tired men. Variable, different alternatives used to ",0.41,0.25,3004001,scholarnameless #10,4,tables,7,Home,215,antioughtable,N/A,11497616spring150934,saddle,Pallet,Unknown,46,n stpriablepri
14569,AAAAAAAAJOIDAAAA,1997-10-27,,Incredi,0.22,0.15,7005010,scholarbrand #10,5,blinds/shades,7,Home,229,n stableable,N/A,921yellow69640422627,lemon,N/A,Unknown,44,n stcallyantieseought
5367,AAAAAAAAGPEBAAAA,2000-10-27,,Rates might see in a seconds. Always equal sheets can go moreo,4.41,1.58,10003013,exportiunivamalg #13,3,dvd/vcr players,10,Electronics,417,ationoughtese,N/A,841royal247585971358,thistle,Bunch,Unknown,11,ationcallyprianti
15307,AAAAAAAALMLDAAAA,1997-10-27,,Then detailed games will remember here in the problems. Justifiably important c,4.07,2.88,1003002,exportiamalg #2,3,maternity,1,Women,19,n stought,large,003564134811pale0676,plum,Unknown,Unknown,7,ationbarpriantiought
11631,AAAAAAAAOGNCAAAA,2000-10-27,,Clearly pure relations bring. Places ought to reach thus specific hands. Necessary comments must facilitate,0.59,0.41,2004001,edu packscholar #2,4,classical,5,Music,392,pricallyese,N/A,8415peach45090926203,saddle,Dram,Unknown,46,oughtpricallyoughtought
8690,AAAAAAAACPBCAAAA,1997-10-27,2000-10-26,"Little full combinations expect over moments; real, likely women worry in a clubs. Old, successful str",2.71,2.27,3004001,edu packexporti #1,4,school-uniforms,3,Children,19,n stought,medium,049813sandy158419049,tomato,Each,Unknown,14,barn stcallyeing
14353,AAAAAAAABBIDAAAA,1997-10-27,,Negotiations could set especially; long expensive units could not change never local new boundaries. Purposes meet cautiously com,1.24,0.78,10009006,maxiunivamalg #6,9,televisions,10,Electronics,286,callyeingable,N/A,6395dark117091579709,pink,Lb,Unknown,5,priantiprieseought
16581,AAAAAAAAEMAEAAAA,2000-10-27,,Usually alone elements used t,82.58,0.14,6001005,edu packamalgamalg #7,1,automotive,10,Electronics,316,callyoughtpri,N/A,59928658snow88041333,powder,Oz,Unknown,3,oughteinganticallyought
14861,AAAAAAAAMAKDAAAA,1999-10-28,2001-10-26,Then available arms should generate by a mac,2.43,1.62,3001002,amalgexporti #2,1,newborn,3,Children,190,n stbarese,large,2040560640peru013710,lemon,Unknown,Unknown,6,oughtcallyeingeseought
3390,AAAAAAAAMDNAAAAA,2001-10-27,,"Effects can move even most famous tests; especially dark children see all difficult, linguistic months. Marginal, main areas could check educational changes. Simil",28.36,2.81,5001002,namelessnameless #1,8,outdoor,8,Sports,84,eseeing,N/A,008620powder53355431,tomato,Pallet,Unknown,2,barn stpripri
