name,country,province,population,latitude,longitude,elevation
Lienz,A,Tirol,11761,46.83,12.77,673
Bergen,N,Hordaland,267950,60.39,5.33,5
Gaza,GAZA,Gaza Strip,631215,31.5,34.5,
Baoding,CN,Hebei,1940384,38.87,115.47,25
Zibo,CN,Shandong,2750312,36.78,118.05,7
Mito,J,Ibaraki,270783,36.37,140.47,
Maebashi,J,Gumma,336154,36.39,139.06,
Bacolod,RP,Western Visayas,561875,10.67,122.95,10
Serang,RI,Banten,577785,-6.12,106.15,39
Auckland,NZ,New Zealand,1420600,-36.84,174.74,5
Beni Mellal,MA,Tadla Azilal,192676,32.34,-6.36,619
Buea,CAM,Sud-Ouest,90088,4.17,9.23,870
Kigali,RWA,Rwanda,859332,-1.94,30.06,1567
Girón,CO,Santander,141107,7.07,-73.17,706
São João de Meriti,BR,Rio de Janeiro,458673,-22.8,-43.37,19
