name,river,area,elevation,depth,height,type,coordinates
Vänern,Götaälv,5648,44,106,,,"(58.8,13.3)"
Ammersee,Ammer,46.6,533,81.1,,,"(48,11.6)"
Lago Albano,,6,291,170,,caldera,"(41.75,12.66)"
Laguna de Gallocanta,,14.4,995,1.5,,,"(40.96,-1.5)"
Ozero Baikal,Angara,31492,455,1637,,,"(53,108)"
Lake Keban,Euphrat,675,820,,207,,"(38.8,38.75)"
Lop Nor,,5000,780,0,,saline,"(40.2,90.6)"
Qinghai Lake,,4583,3195,27,,saline,"(36.9,100.2)"
Rakshastal,Satluj,258,4572,,,,"(30.7,81.23)"
Lake Bosumtwi,,49,107,81,,impact,"(6.5,-1.4)"
Chew Bahir,,800,520,7.5,,saline,"(4.7,36.85)"
Lake Turkana,,6405,375,73,,saline,"(3.6,36.1)"
Lake Kivu,Ruzizi,2650,1462,450,,,"(-1.8,29.2)"
Lake Erie,Niagara River,25745,174,64,,,"(42.16,-81.27)"
Lake Chelan,Chelan River,383,335,453,,,"(48.0,-120.0)"
Quilotoa,,5,3500,250,,,"(-0.85,-78.9)"
