name,river,lake,sea,length,area,source,mountains,sourceelevation,estuary,estuaryelevation
Lahn,Rhein,,,246,5925,"(50.89,8.24)",Rothaargebirge,603,"(50.31,7.59)",69
Saar,Mosel,,,227,7431,"(48.5,7.15)",Vogesen,640,"(49.7,6.6)",130
Allier,Loire,,,421,14350,"(44.59,3.79)",Cevennes,1503,"(46.96,3.08)",167
Seyhan,,,Mediterranean Sea,516,20700,"(37.92,35.53)",Taurus,1750,"(36.72,34.91)",0
Samur,,Caspian Sea,,213,7330,"(41.88,46.79)",Caucasus,3200,"(41.91,49.49)",-28
Chulym,Ob,,,2023,134000,"(54.11,89.11)",,1200,"(57.73,83.82)",65
Angara,Yenissey,,,2830,1039000,"(56.6,113.75)",,1600,"(58.2,92.5)",76
Mahakam,,,Java Sea,980,77100,"(1.36,114.59)",Müller-Schwaner Range,1200,"(-0.80,117.46)",0
Río Neuquen,,,Atlantic Ocean,1030,102000,"(-36.18,-70.57)",Andes,2800,"(-41.03,-62.78)",0
Sokoto,Niger,,,630,193000,"(11.47,7.10)",,700,"(11.40,4.12)",150
Kaduna,Niger,,,575,66300,"(9.87,8.87)",,1280,"(8.74,5.80)",56
Mbomou,Ubangi,,,966,156950,"(5.02,27.45)",,725,"(4.1,22.45)",395
Cuilo,Kasai,,,970,93250,"(-11.3,14.7)",,,"(3.3,17.4)",296
