d_date_sk,d_date_id,d_date,d_month_seq,d_week_seq,d_quarter_seq,d_year,d_dow,d_moy,d_dom,d_qoy,d_fy_year,d_fy_quarter_seq,d_fy_week_seq,d_day_name,d_quarter_name,d_holiday,d_weekend,d_following_holiday,d_first_dom,d_last_dom,d_same_day_ly,d_same_day_lq,d_current_day,d_current_week,d_current_month,d_current_quarter,d_current_year
2446140,AAAAAAAAMDDFFCAA,1985-03-15,1022,4446,342,1985,5,3,15,1,1985,342,4446,Friday,1985Q1,N,Y,N,2446126,2446184,2445775,2446048,N,N,N,N,N
2443547,AAAAAAAALBJEFCAA,1978-02-07,937,4076,313,1978,2,2,7,1,1978,313,4076,Tuesday,1978Q1,N,N,N,2443541,2443571,2443182,2443455,N,N,N,N,N
2462604,AAAAAAAAMIDJFCAA,2030-04-12,1563,6798,522,2030,5,4,12,2,2030,522,6798,Friday,2030Q2,N,Y,N,2462593,2462682,2462239,2462514,N,N,N,N,N
2438541,AAAAAAAANIFDFCAA,1964-05-25,772,3360,258,1964,1,5,25,2,1964,258,3360,Monday,1964Q2,N,N,N,2438517,2438637,2438175,2438450,N,N,N,N,N
2484785,AAAAAAAABDKOFCAA,2091-01-03,2292,9967,765,2091,3,1,3,1,2091,765,9967,Wednesday,2091Q1,N,N,N,2484783,2484782,2484420,2484693,N,N,N,N,N
2457689,AAAAAAAAJFAIFCAA,2016-10-27,1401,6096,468,2016,4,10,27,4,2016,468,6096,Thursday,2016Q4,N,N,N,2457663,2457936,2457323,2457597,N,N,N,N,N
2431682,AAAAAAAACMKBFCAA,1945-08-14,547,2381,183,1945,2,8,14,3,1945,183,2381,Tuesday,1945Q3,N,N,N,2431669,2431880,2431317,2431591,N,N,N,N,N
2456703,AAAAAAAAPHMHFCAA,2014-02-14,1369,5955,457,2014,5,2,14,1,2014,457,5955,Friday,2014Q1,N,Y,N,2456690,2456720,2456338,2456611,N,N,N,N,N
2473967,AAAAAAAAPOPLFCAA,2061-05-22,1936,8421,646,2061,0,5,22,2,2061,646,8421,Sunday,2061Q2,N,N,N,2473946,2474065,2473602,2473877,N,N,N,N,N
2423109,AAAAAAAAFEJPECAA,1922-02-23,265,1156,89,1922,4,2,23,1,1922,89,1156,Thursday,1922Q1,N,N,N,2423087,2423117,2422744,2423017,N,N,N,N,N
2425375,AAAAAAAAPBCAFCAA,1928-05-08,340,1480,114,1928,2,5,8,2,1928,114,1480,Tuesday,1928Q2,N,N,N,2425368,2425488,2425009,2425284,N,N,N,N,N
2456607,AAAAAAAAPBMHFCAA,2013-11-10,1366,5941,456,2013,0,11,10,4,2013,456,5941,Sunday,2013Q4,N,N,N,2456598,2456901,2456242,2456515,N,N,N,N,N
2441654,AAAAAAAAGLBEFCAA,1972-12-02,875,3805,293,1972,6,12,2,4,1972,293,3805,Saturday,1972Q4,N,Y,N,2441653,2441987,2441288,2441562,N,N,N,N,N
2482270,AAAAAAAAOFAOFCAA,2084-02-14,2209,9607,737,2084,1,2,14,1,2084,737,9607,Monday,2084Q1,N,N,N,2482257,2482287,2481905,2482178,N,N,N,N,N
2415738,AAAAAAAAKHMNECAA,1901-12-19,23,103,9,1901,4,12,19,4,1901,9,103,Thursday,1901Q4,N,N,N,2415720,2416053,2415373,2415646,N,N,N,N,N
2449526,AAAAAAAAGHAGFCAA,1994-06-22,1133,4930,379,1994,3,6,22,2,1994,379,4930,Wednesday,1994Q2,N,N,N,2449505,2449655,2449161,2449436,N,N,N,N,N
2487744,AAAAAAAAAMFPFCAA,2099-02-09,2389,10389,797,2099,1,2,9,1,2099,797,10389,Monday,2099Q1,N,N,N,2487736,2487766,2487379,2487652,N,N,N,N,N
