r_reason_sk,r_reason_id,r_reason_desc
1,AAAAAAAABAAAAAAA,Package was damaged
4,AAAAAAAAEAAAAAAA,Not the product that was ordred
5,AAAAAAAAFAAAAAAA,Parts missing
9,AAAAAAAAJAAAAAAA,Did not like the model
12,AAAAAAAAMAAAAAAA,No service location in my area
19,AAAAAAAADBAAAAAA,unauthoized purchase
21,AAAAAAAAFBAAAAAA,its is a boy
22,AAAAAAAAGBAAAAAA,it is a girl
27,AAAAAAAALBAAAAAA,reason 27
28,AAAAAAAAMBAAAAAA,reason 28
29,AAAAAAAANBAAAAAA,reason 29
30,AAAAAAAAOBAAAAAA,reason 30
33,AAAAAAAABCAAAAAA,reason 33
52,AAAAAAAAEDAAAAAA,reason 52
58,AAAAAAAAKDAAAAAA,reason 58
61,AAAAAAAANDAAAAAA,reason 61
68,AAAAAAAAEEAAAAAA,reason 68
72,AAAAAAAAIEAAAAAA,reason 72
73,AAAAAAAAJEAAAAAA,reason 73
75,AAAAAAAALEAAAAAA,reason 75
