cp_catalog_page_sk,cp_catalog_page_id,cp_start_date_sk,cp_end_date_sk,cp_department,cp_catalog_number,cp_catalog_page_number,cp_description,cp_type
9641,AAAAAAAAJKFCAAAA,2452605,2452634,DEPARTMENT,90,29,Buildings control more. Hard wages look considerable actions. Keys used to fit better powers.,monthly
10454,AAAAAAAAGNICAAAA,2452640,2452669,DEPARTMENT,97,86,Functions should see plain. Nice results make meanwhile frenc,monthly
8919,AAAAAAAAHNCCAAAA,2452395,2452424,DEPARTMENT,83,63,Married experts would not fail largely from a difficulties. Words shall not think. Disc,monthly
10518,AAAAAAAAGBJCAAAA,2452670,2452699,DEPARTMENT,98,42,"Official, little floors figure services. Times scr",monthly
10855,AAAAAAAAHGKCAAAA,2452760,2452789,DEPARTMENT,101,55,"Serious, future merchants carry abroad like a groups. ",monthly
1200,AAAAAAAAALEAAAAA,2450965,2450994,DEPARTMENT,12,12,"Prime, new agents say naturally social men. Particularly male",monthly
6472,AAAAAAAAIEJBAAAA,2452183,2452273,DEPARTMENT,60,100,Obvious males may remember now slightly national meanings. Highly confident ,quarterly
3667,AAAAAAAADFOAAAAA,2451450,2451479,DEPARTMENT,34,103,Geographical contents suit more additional letters. Norm,monthly
4561,AAAAAAAABNBBAAAA,2451545,2451574,DEPARTMENT,43,25,"Youngsters should get very. Bad, necessary years must pick telecommunications. Co",monthly
3648,AAAAAAAAAEOAAAAA,2451450,2451479,DEPARTMENT,34,84,Industrial questions know in a facilities; useful ways contain increasingly workers; wheels ,monthly
1785,AAAAAAAAJPGAAAAA,2451115,2451144,DEPARTMENT,17,57,"Great, coming assumptions ought to shout other sources. Only, bad ports lift here hidden, pr",monthly
