id,team_api_id,team_fifa_api_id,team_long_name,team_short_name
47612,7869,1867,Córdoba CF,COR
2,9993,675,Beerschot AC,BAC
5,9984,1750,KSV Cercle Brugge,CEB
35769,9771,1895,"União de Leiria, SAD",ULE
16,9996,111560,Royal Excel Mouscron,MOU
614,9997,680,Sint-Truidense VV,STT
3464,8528,1917,Wigan Athletic,WIG
3469,8549,12,Middlesbrough,MID
38791,188163,,Tondela,TON
15618,9790,28,Hamburger SV,HAM
15621,10189,34,FC Schalke 04,S04
15630,8226,10029,TSG 1899 Hoffenheim,HOF
16237,8358,25,SC Freiburg,FRE
16243,9905,169,1. FSV Mainz 05,MAI
19917,8262,110502,SV Darmstadt 98,DAR
21280,9976,1848,Bari,BAR
27161,10219,1905,RKC Waalwijk,RKC
31454,8569,110744,GKS Bełchatów,BEL
31925,8245,111083,Korona Kielce,KKI
