city,country,province,year
Zlín,CZ,Zlínský,1991
Novara,I,Piemonte,2011
Dimitrovgrad,R,Ulyanovskaya,1989
Novočerkassk,R,Rostovskaya,1979
Ruse,BG,Bulgaria,2021
Keflavik,IS,Iceland,2005
Anyang,CN,Henan,2020
Nanjing,CN,Jiangsu,2010
Taiyuan,CN,Shanxi,1990
Shibin al Kawm,ET,Egypt,1996
Bejaïa,DZ,Algeria,2008
Man,CI,Montagnes,1988
Chandler,USA,Arizona,1980
Buenavista,MEX,"México, Estado de",1995
Los Mochis,MEX,Sinaloa,2010
Palmira,CO,Valle de Cauca,1993
Valdivia,RCH,Ríos,2017
Uberaba,BR,Minas Gerais,2000
Santa Cruz do Sul,BR,Rio Grande do Sul,1996
