track_id,name,album_id,media_type_id,genre_id,composer,milliseconds,bytes,unit_price
312,Eu Também Quero Beijar,27,1,8,Fausto Nilo/Moraes Moreira/Pepeu Gomes,211147,7029400,0.99
418,The More I See,35,1,3,Molaney/Morris/Roberts/Wainwright,287973,9378873,0.99
813,High Ball Shooter,65,1,1,D.Coverdale/G.Hughes/Glenn Hughes/I.Paice/Ian Paice/J.Lord/John Lord/R.Blackmore/Ritchie Blackmore,267833,8772471,0.99
995,Free Me,79,1,1,"Dave Grohl, Taylor Hawkins, Nate Mendel, Chris Shiflett",278700,9109340,0.99
1538,Naquele Dia,124,1,16,João Suplicy,251768,8452654,0.99
1625,I Can't Quit You Baby,132,1,1,Willie Dixon,282671,9252733,0.99
2359,If You Have To Ask,193,1,4,Anthony Kiedis/Chad Smith/Flea/John Frusciante,216790,7199175,0.99
2426,Fried Neckbones And Home Fries,197,1,1,W.Correa,638563,20939646,0.99
2570,Book of Hours,208,1,1,"Terry Bozzio, Steve Stevens, Tony Levin",583366,19464726,0.99
2775,Canário Do Reino,223,1,7,,139337,4552858,0.99
2829,The Eye of Jupiter,227,3,18,,2618750,517909587,1.99
2856,Parasite,228,3,21,,2602727,487461520,1.99
2929,Until The End Of The World,232,1,1,U2,278700,9132485,0.99
3403,Intoitus: Adorate Deum,272,2,24,Anonymous,245317,4123531,0.99
