ca_address_sk,ca_address_id,ca_street_number,ca_street_name,ca_street_type,ca_suite_number,ca_city,ca_county,ca_state,ca_zip,ca_country,ca_gmt_offset,ca_location_type
14588,AAAAAAAAMPIDAAAA,738,Park 1st,Dr.,Suite C,Concord,Prince Edward County,VA,24107,United States,-5,single family
16443,AAAAAAAALDAEAAAA,514,Smith ,Ln,Suite 310,Oak Ridge,Pope County,MN,58371,United States,-6,condo
35304,AAAAAAAAIOJIAAAA,319,Central ,Lane,Suite 440,Kingston,Trinity County,CA,94975,United States,-8,apartment
4022,AAAAAAAAGLPAAAAA,239,Railroad ,Pkwy,Suite 150,Woodland,Isanti County,MN,54854,United States,-6,apartment
38354,AAAAAAAACNFJAAAA,906,Second ,Court,Suite 30,Gravel Hill,Wadena County,MN,51944,United States,-6,apartment
29601,AAAAAAAABKDHAAAA,961,Church ,Cir.,Suite P,Providence,Worth County,MO,66614,United States,-6,apartment
2445,AAAAAAAANIJAAAAA,928,7th ,Way,Suite 450,Deerfield,Valencia County,NM,89840,United States,-7,single family
43981,AAAAAAAANMLKAAAA,388,2nd ,Ave,Suite 460,Oakwood,Cherokee County,AL,30169,United States,-6,single family
1667,AAAAAAAADIGAAAAA,536,7th ,Court,Suite 40,Georgetown,Socorro County,NM,87057,United States,-7,condo
5927,AAAAAAAAHCHBAAAA,499,Lee 13th,Cir.,Suite W,Oakland,Sedgwick County,KS,69843,United States,-6,apartment
23016,AAAAAAAAIOJFAAAA,711,Ash ,Ln,Suite L,Sulphur Springs,Wahkiakum County,WA,98354,United States,-8,condo
21036,AAAAAAAAMCCFAAAA,645,Central ,Ct.,Suite 300,Sunnyside,Allen County,KY,41952,United States,-6,single family
45528,AAAAAAAAINBLAAAA,811,Main River,ST,Suite 380,Salem,Lagrange County,IN,48048,United States,-5,apartment
38214,AAAAAAAAGEFJAAAA,987,Forest Spring,Ct.,Suite 110,Valley View,Custer County,NE,65124,United States,-6,apartment
