driverid,driverref,number,code,forename,surname,dob,nationality,url
476,trips,,,Wolfgang,von Trips,04/05/1928,German,http://en.wikipedia.org/wiki/Wolfgang_Graf_Berghe_von_Trips
399,taylor,,,John,Taylor,23/03/1933,British,http://en.wikipedia.org/wiki/John_Taylor_(racer)
52,firman,,,Ralph,Firman,20/05/1975,Irish,http://en.wikipedia.org/wiki/Ralph_Firman
458,slotemaker,,,Rob,Slotemaker,13/06/1929,Dutch,http://en.wikipedia.org/wiki/Rob_Slotemaker
328,stewart,,,Jackie,Stewart,11/06/1939,British,http://en.wikipedia.org/wiki/Jackie_Stewart
256,perkins,,,Larry,Perkins,18/03/1950,Australian,http://en.wikipedia.org/wiki/Larry_Perkins
642,farina,,,Nino,Farina,30/10/1906,Italian,http://en.wikipedia.org/wiki/Nino_Farina
677,webb,,,Travis,Webb,08/10/1910,American,http://en.wikipedia.org/wiki/Travis_Webb
222,scheckter,,,Jody,Scheckter,29/01/1950,South African,http://en.wikipedia.org/wiki/Jody_Scheckter
518,darter,,,Duane,Carter,05/05/1913,American,http://en.wikipedia.org/wiki/Duane_Carter
624,ramos,,,Hernando,da Silva Ramos,07/12/1925,Brazilian,http://en.wikipedia.org/wiki/Hernando_da_Silva_Ramos
238,peterson,,,Ronnie,Peterson,14/02/1944,Swedish,http://en.wikipedia.org/wiki/Ronnie_Peterson
475,moss,,,Stirling,Moss,17/09/1929,British,http://en.wikipedia.org/wiki/Stirling_Moss
536,sutton,,,Len,Sutton,09/08/1925,American,http://en.wikipedia.org/wiki/Len_Sutton
285,stuppacher,,,Otto,Stuppacher,03/03/1947,Austrian,http://en.wikipedia.org/wiki/Otto_Stuppacher
