t_time_sk,t_time_id,t_time,t_hour,t_minute,t_second,t_am_pm,t_shift,t_sub_shift,t_meal_time
20482,AAAAAAAADAAFAAAA,20482,5,41,22,AM,third,night,
77909,AAAAAAAAGFADBAAA,77909,21,38,29,PM,second,evening,
48150,AAAAAAAAHBMLAAAA,48150,13,22,30,PM,first,afternoon,lunch
6379,AAAAAAAAMOIBAAAA,6379,1,46,19,AM,third,night,
64784,AAAAAAAABBNPAAAA,64784,17,59,44,PM,second,evening,dinner
76238,AAAAAAAAPMJCBAAA,76238,21,10,38,PM,second,evening,
82862,AAAAAAAAPKDEBAAA,82862,23,1,2,PM,third,evening,
11778,AAAAAAAADAOCAAAA,11778,3,16,18,AM,third,night,
67628,AAAAAAAANCIABAAA,67628,18,47,8,PM,second,evening,dinner
27652,AAAAAAAAFAMGAAAA,27652,7,40,52,AM,first,morning,breakfast
5310,AAAAAAAAPLEBAAAA,5310,1,28,30,AM,third,night,
25020,AAAAAAAANLBGAAAA,25020,6,57,0,AM,third,morning,breakfast
34463,AAAAAAAAAKGIAAAA,34463,9,34,23,AM,first,morning,breakfast
5800,AAAAAAAAJKGBAAAA,5800,1,36,40,AM,third,night,
26539,AAAAAAAAMKHGAAAA,26539,7,22,19,AM,first,morning,breakfast
