ss_sold_date_sk,ss_sold_time_sk,ss_item_sk,ss_customer_sk,ss_cdemo_sk,ss_hdemo_sk,ss_addr_sk,ss_store_sk,ss_promo_sk,ss_ticket_number,ss_quantity,ss_wholesale_cost,ss_list_price,ss_sales_price,ss_ext_discount_amt,ss_ext_sales_price,ss_ext_wholesale_cost,ss_ext_list_price,ss_ext_tax,ss_coupon_amt,ss_net_paid,ss_net_paid_inc_tax,ss_net_profit
2451519,62018,17107,,376532,385,,2,,176473,,45.42,48.59,,,,,97.18,0.00,,,57.32,
2451397,57699,6950,69860,1878695,6730,32318,4,92,162981,16,90.35,174.37,27.89,0.00,446.24,1445.60,2789.92,26.77,0.00,446.24,473.01,-999.36
2451135,66555,16300,13672,211504,889,1074,1,60,12682,17,53.86,67.32,19.52,0.00,331.84,915.62,1144.44,19.91,0.00,331.84,351.75,-583.78
2451728,52916,4547,93127,993313,1146,31332,7,262,188118,20,59.17,65.67,28.89,0.00,577.80,1183.40,1313.40,0.00,0.00,577.80,577.80,-605.60
2451439,57914,14360,79021,1652892,363,18587,10,53,172202,26,72.36,80.31,16.86,0.00,438.36,1881.36,2088.06,4.38,0.00,438.36,442.74,-1443.00
2452354,49338,1545,,146154,,,8,,93068,22,23.53,32.70,32.37,655.16,712.14,517.66,,,655.16,,,
2452213,35434,43,,,1895,6807,7,215,54372,,57.92,82.82,,,,,993.84,43.72,,546.60,,
2451727,67687,5156,82544,324905,6466,8474,4,142,152072,35,23.98,47.48,13.76,0.00,481.60,839.30,1661.80,9.63,0.00,481.60,491.23,-357.70
2451482,72625,16592,39877,1552318,3959,8400,8,173,233439,9,48.27,73.37,64.56,0.00,581.04,434.43,660.33,40.67,0.00,581.04,621.71,146.61
2451539,37749,14470,50728,1262978,381,21431,7,272,25523,86,79.55,81.93,46.70,1245.02,4016.20,6841.30,7045.98,193.98,1245.02,2771.18,2965.16,-4070.12
2452215,64953,6809,89347,1795604,5061,28918,2,96,187190,78,41.61,81.97,11.47,0.00,894.66,3245.58,6393.66,35.78,0.00,894.66,930.44,-2350.92
2452593,63383,11401,51216,1777693,6570,20647,4,182,123131,91,18.19,28.92,27.47,0.00,2499.77,1655.29,2631.72,49.99,0.00,2499.77,2549.76,844.48
2451155,72665,9397,29907,1261856,3758,460,8,98,110517,17,15.06,25.15,12.82,211.40,217.94,256.02,427.55,0.58,211.40,6.54,7.12,-249.48
