abbreviation,name,city,country,province,established
UNAMID,African Union/United Nations Hybrid Operation in Darfur,,,,2007-07-31
CDB,Caribbean Development Bank,,,,1969-10-18
CD,Community of Democracies,,,,2000-06-26
CELAC,Community of Latin American and Caribbean States,,,,2010-02-22
CE,Council of Europe,Strasbourg,F,Grand Est,1949-05-05
Entente,Council of the Entente,Abidjan,CI,Abidjan,1959-05-29
EADB,East African Development Bank,Kampala,EAU,Central,1967-06-05
EITI,Extractive Industry Transparency Initiative,,,,
G-77,Group of 77,,,,1964-06-14
IFAD,International Fund for Agricultural Development,Roma,I,Lazio,1974-11-01
ISO,International Organization for Standardization,Genève,CH,Genève,1947-02-01
NAFTA,North American Free Trade Agreement,,,,1992-12-17
GUAM,Organization for Democracy and Economic Development,Kyïv,UA,Kyïv,2001-06-06
PFP,Partnership for Peace,,,,1994-01-10
SPC,Secretariat of the Pacific Community,Noumea,NCL,New Caledonia,1947-02-05
SCO,Shanghai Cooperation Organization,Beijing,CN,Beijing,2001-06-14
UNIDO,United Nations Industrial Development Organization,Wien,A,Wien,1966-11-16
UNSC,United Nations Security Council,Genève,CH,Genève,1945-06-25
ZC,Zangger Committee,,,,
