constructorid,constructorref,name,nationality,url
2,bmw_sauber,BMW Sauber,German,http://en.wikipedia.org/wiki/BMW_Sauber
42,coloni,Coloni,Italian,http://en.wikipedia.org/wiki/Enzo_Coloni_Racing_Car_Systems
70,boro,Boro,Dutch,http://en.wikipedia.org/wiki/Boro_(Formula_One)
75,hill,Embassy Hill,British,http://en.wikipedia.org/wiki/Hill_(constructor)
105,maserati,Maserati,Italian,http://en.wikipedia.org/wiki/Maserati
119,moore,Moore,American,http://en.wikipedia.org/wiki/Moore_(constructor)
137,arzani-volpini,Arzani-Volpini,Italian,http://en.wikipedia.org/wiki/Arzani-Volpini
143,del_roy,Del Roy,American,http://en.wikipedia.org/wiki/Del_Roy
169,cooper-borgward,Cooper-Borgward,British,http://en.wikipedia.org/wiki/Cooper_Car_Company
202,shadow-ford,Shadow-Ford,British,http://en.wikipedia.org/wiki/Shadow_Racing_Cars
