cr_returned_date_sk,cr_returned_time_sk,cr_item_sk,cr_refunded_customer_sk,cr_refunded_cdemo_sk,cr_refunded_hdemo_sk,cr_refunded_addr_sk,cr_returning_customer_sk,cr_returning_cdemo_sk,cr_returning_hdemo_sk,cr_returning_addr_sk,cr_call_center_sk,cr_catalog_page_sk,cr_ship_mode_sk,cr_warehouse_sk,cr_reason_sk,cr_order_number,cr_return_quantity,cr_return_amount,cr_return_tax,cr_return_amt_inc_tax,cr_fee,cr_return_ship_cost,cr_refunded_cash,cr_reversed_charge,cr_store_credit,cr_net_loss
2451640,84170,1570,92187,1526641,7142,13596,42087,53312,4832,42305,2,2271,18,1,11,52894,32,288.96,11.55,300.51,81.83,2263.68,288.96,0.00,0.00,2357.06
2450945,16051,2596,19741,1803520,3746,22772,15457,659450,3473,29049,4,77,18,1,42,204,23,27.14,1.08,28.22,81.70,62.33,8.68,5.53,12.93,145.11
2451262,63950,9079,36707,778038,4616,4747,78121,478082,4502,31722,2,2020,2,5,25,34284,20,225.40,2.25,227.65,8.36,103.60,207.36,4.69,13.35,114.21
2451918,68590,12613,19191,1036358,2325,5845,6219,566121,6685,17249,1,4040,8,2,41,88056,21,1166.13,0.00,1166.13,3.67,730.80,653.03,441.26,71.84,734.47
2452432,39802,2448,79439,1860103,1120,42137,69494,262486,5360,20187,3,7871,9,3,7,129875,26,1113.32,22.26,1135.58,69.39,987.22,935.18,12.46,165.68,1078.87
2451935,39623,8309,52745,174207,3669,40331,15071,861191,1375,4006,2,4069,18,4,48,79309,9,101.43,8.11,109.54,46.88,107.91,63.90,5.62,31.91,162.90
2452617,63578,978,97187,6642,97,34705,50826,388165,5879,21546,6,8220,1,5,47,134225,47,10445.28,208.90,10654.18,76.67,614.29,8982.94,1462.34,0.00,899.86
2451810,32592,11173,23198,1150756,2667,38578,56438,651009,7184,36912,2,3986,16,4,24,64753,11,185.02,11.10,196.12,92.39,284.68,101.76,50.78,32.48,388.17
2452437,3957,7284,94671,1511190,4509,34628,94671,1511190,1891,34628,1,7783,8,4,53,128836,2,56.70,3.96,60.66,20.13,24.30,36.85,2.77,17.08,48.39
2452474,72921,1641,793,1166684,4222,1313,92515,1209810,1685,45113,6,7982,11,1,66,129941,50,4724.00,330.68,5054.68,8.76,465.50,4109.88,393.03,221.09,804.94
