name,islands,area,elevation,type,coordinates
Guernsey,Channel Islands,194,111,,"(49.6,-2.6)"
Alicudi,Lipari Islands,5.2,675,volcanic,"(38.6,14.4)"
Salina,Lipari Islands,26.8,962,volcanic,"(38.6,14.9)"
Madeira,Madeira,794,1861,volcanic,"(31,-16)"
Flores (Azores),Azores,143,914,volcanic,"(39.5,-31.2)"
Olkhon,,730,1276,,"(53.15,107.4)"
Great Kinmen,,134,230,,"(24.43,118.33)"
Taipa,,7.6,159,,"(22.16,113.35)"
Samar,Philippines,13080,850,,"(12,125.1)"
Vancouver Island,,31285,2195,,"(49.6,-125.65)"
St. Barthelemy,Lesser Antilles,21,286,,"(17.9,-62.82)"
Martinique,Lesser Antilles,1128,1397,volcanic,"(14.6,-61.0)"
Espiritu Santo,New Hebrides,3955,1879,,"(-15.25,166.83)"
Pitcairn,Pitcairn Islands,4.5,347,volcanic,"(-25.04,-130.05)"
