course_id,sec_id,semester,year,building,room_number,time_slot_id
457,1,Spring,2001,Saucon,844,D
559,1,Fall,2002,Lamberton,134,J
366,1,Fall,2005,Saucon,844,O
415,1,Fall,2010,Lamberton,134,D
679,1,Spring,2010,Saucon,844,D
867,2,Fall,2010,Lamberton,134,M
489,1,Fall,2007,Lamberton,143,D
421,1,Fall,2004,Gates,707,E
626,1,Fall,2006,Lamberton,143,B
852,1,Spring,2008,Gates,707,F
482,1,Fall,2005,Whitman,434,H
401,1,Fall,2003,Saucon,180,A
571,1,Spring,2004,Power,972,I
468,2,Fall,2007,Power,717,L
496,1,Fall,2001,Taylor,812,I
338,2,Spring,2006,Stabler,105,J
