return_amount,return_item_sk,reversed_charge,credit_amount,cdemo_sk,date_sk,hdemo_sk,return_customer_sk,tax_amount,quantity_returned,cash_refund,return_reason_sk,return_fee,addr_sk,store_sk,return_time_sk,return_ticket_id,shipping_cost,net_loss,return_amt_with_tax
4503.63,4922,3337.19,941.26,571396,2452015,6758,34784,0.00,61,225.18,44,91.33,43720,7,44739,176926,2962.77,3054.10,4503.63
103.62,11233,13.97,5.72,901501,2451851,2739,38926,4.14,3,83.93,47,76.03,21624,10,55159,234123,96.24,176.41,107.76
54.40,8020,11.23,12.17,1445438,2451079,5716,60728,3.80,34,31.00,25,44.50,23994,2,46436,35770,41.14,89.44,58.20
2079.70,1695,251.64,892.20,1665068,2452682,6380,85271,41.59,70,935.86,72,27.05,22045,8,37167,69867,1998.50,2067.14,2121.29
6226.56,6452,174.34,697.38,1600195,2451263,1932,28188,498.12,46,5354.84,40,91.59,8469,1,29103,209534,651.36,1241.07,6724.68
3549.60,10581,204.45,1499.36,551538,2452689,742,87346,35.49,51,1845.79,26,93.63,10393,8,57970,126837,1419.84,1548.96,3585.09
661.76,15527,333.20,295.48,1312096,2451946,619,55520,33.08,16,33.08,35,86.57,30789,2,35985,168693,273.28,392.93,694.84
987.20,2822,360.13,202.58,521874,2451250,6067,75386,69.10,16,424.49,46,32.25,660,4,54755,214404,663.52,764.87,1056.30
274.40,15878,51.78,88.17,166054,2451834,1970,357,10.97,14,134.45,68,64.52,13486,2,29505,233665,9.24,84.73,285.37
2397.25,188,135.20,8.64,1021154,2451421,3762,35699,23.97,43,2253.41,5,50.27,43217,1,54305,96943,1787.08,1861.32,2421.22
,9635,443.62,,697688,,,83485,7.68,13,176.67,1,58.47,45482,4,33804,223549,,,775.85
405.34,5936,73.93,234.13,1604987,2451501,2976,56828,36.48,26,97.28,9,92.60,39412,7,40426,228454,240.24,369.32,441.82
2547.18,12431,332.40,1883.65,472885,2452241,3307,44063,25.47,54,331.13,20,25.12,39776,7,39812,55841,354.24,404.83,2572.65
393.33,3640,169.92,184.08,918132,2451221,298,94205,7.86,21,39.33,68,34.70,6864,8,41894,70292,337.05,379.61,401.19
63.88,1857,4.96,0.16,1218795,2452718,2969,2333,1.27,1,58.76,41,47.19,4343,8,29249,117279,0.00,48.46,65.15
565.53,9123,18.32,83.48,1879541,2452150,2222,9307,22.62,21,463.73,43,62.18,45703,1,36896,38919,813.12,897.92,588.15
454.32,14167,179.37,11.45,499857,2451333,411,39271,36.34,18,263.50,48,71.11,19765,1,52943,142204,383.58,491.03,490.66
88.00,1418,6.38,19.14,1257337,2451719,904,60374,3.52,16,62.48,11,46.71,28024,1,34782,14777,24.00,74.23,91.52
