wp_web_page_sk,wp_web_page_id,wp_rec_start_date,wp_rec_end_date,wp_creation_date_sk,wp_access_date_sk,wp_autogen_flag,wp_customer_sk,wp_url,wp_type,wp_char_count,wp_link_count,wp_image_count,wp_max_ad_count
3,AAAAAAAACAAAAAAA,2000-09-03,,2450814,2452611,N,,http://www.foo.com,feedback,1564,4,3,4
4,AAAAAAAAEAAAAAAA,1997-09-03,1999-09-03,2450812,2452579,N,,http://www.foo.com,general,3732,18,7,1
8,AAAAAAAAIAAAAAAA,1997-09-03,2000-09-02,2450815,2452646,Y,1898,http://www.foo.com,protected,3128,12,2,4
10,AAAAAAAAKAAAAAAA,1997-09-03,1999-09-03,,2452623,N,,http://www.foo.com,,,,,
11,AAAAAAAAKAAAAAAA,1999-09-04,2001-09-02,2450814,2452611,N,,http://www.foo.com,welcome,7046,23,4,4
12,AAAAAAAAKAAAAAAA,2001-09-03,,2450815,2452611,N,,http://www.foo.com,protected,7046,17,4,4
15,AAAAAAAAOAAAAAAA,2000-09-03,,2450810,2452639,N,,http://www.foo.com,dynamic,2469,10,5,2
17,AAAAAAAAABAAAAAA,1999-09-04,2001-09-02,2450812,2452645,N,,http://www.foo.com,general,701,11,1,3
28,AAAAAAAAMBAAAAAA,1997-09-03,1999-09-03,2450807,2452572,N,,http://www.foo.com,protected,1308,4,1,2
30,AAAAAAAAMBAAAAAA,2001-09-03,,2450808,2452611,N,,http://www.foo.com,general,3872,18,1,4
31,AAAAAAAAPBAAAAAA,1997-09-03,,2450810,2452596,N,,http://www.foo.com,general,1732,3,6,0
32,AAAAAAAAACAAAAAA,1997-09-03,2000-09-02,2450808,2452585,N,,http://www.foo.com,welcome,5104,20,7,4
46,AAAAAAAAOCAAAAAA,1997-09-03,1999-09-03,2450809,2452574,N,,http://www.foo.com,protected,1711,4,5,1
